Particulars,Q1 2064, Q2 2064, Q3 2064, Q4 2064, Q1 2065, Q2 2065, Q3 2065, Q4 2065, Q1 2066, Q2 2066, Q3 2066, Q4 2066, Q1 2067, Q2 2067, Q3 2067, Q4 2067, Q1 2068, Q2 2068, Q3 2068, Q4 2068, Q1 2069, Q2 2069, Q3 2069, Q4 2069, Q1 2070, Q2 2070, Q3 2070, Q4 2070, Q1 2071, Q2 2071, Q3 2071, Q4 2071, Q1 2072, Q2 2072, Q3 2072, Q4 2072, Q1 2073, Q2 2073, Q3 2073, Q4 2073, Q1 2074, Q2 2074, Q3 2074, Q4 2074, Q1 2075, Q2 2075, Q3 2075, Q4 2075, Q1 2076, Q2 2076, Q3 2076, Q4 2076, Q1 2077, Q2 2077, Q3 2077, Q4 2077, Q1 2078, Q2 2078, Q3 2078, Q4 2078, Q1 2079, Q2 2079, Q3 2079, Q4 2079, Q1 2080, Q2 2080, Q3 2080, Q4 2080, Q1 2067.JPG, Q1 2068.JPG, Q1 2069.JPG, Q1 2070.JPG, Q1 2071.JPG, Q1 2073.JPG, Q2 2067.JPG, Q2 2070.JPG, Q2 2071.JPG, Q2 2072.JPG, Q2 2073.JPG, Q3 2067.JPG, Q3 2069.JPG, Q3 2070.JPG, Q3 2071.JPG, Q3 2072.JPG, Q3 2073.JPG, Q3 2075.JPG, Q4 2067.JPG, Q4 2068.JPG, Q4 2069.JPG, Q4 2070.JPG, Q4 2071.JPG, Q4 2072.JPG, Q4 2073.JPG
Interest received,,,,,,,,,,,,,,,,,,,,,,,,,,,,,,,,,,,,,,,,,,,,,,,,6,8,2,4,6,9,1,3,6.0,8,1,4,7,1,3,7,1,,,,,,,,,,,,,,,,,,,,,,,,,,,,,
Fees and other income received,,,,,,,,,,,,,,,,,,,,,,,,,,,,,,,,,,,,,,,,,,,,,,,,5,8,2,5,7,9,2,5,8.0,1,3,7,1,1,3,6,9,,,,,,,,,,,,,,,,,,,,,,,,,,,,,
Dividend received,,,,,,,,,,,,,,,,,,,,,,,,,,,,,,,,,,,,,,,,,,,,,,,,,,,,,,,,,,,,,,,,,,,,,,,,,,,,,,,,,,,,,,,,,,,,,
Receipts from other operating activities,,,,,,,,,,,,,,,,,,,,,,,,,,,,,,,,,,,,,,,,,,,,,,,,3,4,8,1,2,3,1,3,5.0,7,1,1,1,2,6,1,1,,,,,,,,,,,,,,,,,,,,,,,,,,,,,
Interest paid,,,,,,,,,,,,,,,,,,,,,,,,,,,,,,,,,,,,,,,,,,,,,,,,,,,,,,,,,,,,,,,,,,,,,,,,,,,,,,,,,,,,,,,,,,,,,
Commission and fees paid,,,,,,,,,,,,,,,,,,,,,,,,,,,,,,,,,,,,,,,,,,,,,,,,,,,,,,,,,,,,,,,,,,,,,,,,,,,,,,,,,,,,,,,,,,,,,
Cash payment to employees,,,,,,,,,,,,,,,,,,,,,,,,,,,,,,,,,,,,,,,,,,,,,,,,,,,,,,,,,,,,,,,,,,,,,,,,,,,,,,,,,,,,,,,,,,,,,
Other expense paid,,,,,,,,,,,,,,,,,,,,,,,,,,,,,,,,,,,,,,,,,,,,,,,,,,,,,,,,,,,,,,,,,,,,,,,,,,,,,,,,,,,,,,,,,,,,,
Operating cash flows before changes in operating assets and liabilities,,,,,,,,,,,,,,,,,,,,,,,,,,,,,,,,,,,,,,,,,,,,,,,,,,,,,,,,,,,,,,,,,,,,,,,,,,,,,,,,,,,,,,,,,,,,,
(Increase)/Decrease in operating assets,,,,,,,,,,,,,,,,,,,,,,,,,,,,,,,,,,,,,,,,,,,,,,,,"10,916,362","17,857,430",,,,"19,872,477","526,054","1,107,508",,"17,016,757","526,054","15,096,082","15,877,759",,"1,571,521","2,094,130","15,877,759",,,,,,,,,,,,,,,,,,,,,,,,,,,,,
Due from Nepal Rastra Bank,,,,,,,,,,,,,,,,,,,,,,,,,,,,,,,,,,,,,,,,,,,,,,,,2,9,4,2,1,,4,5,6.0,2,3,3,2,9,6,3,2,,,,,,,,,,,,,,,,,,,,,,,,,,,,,
Placement with bank and financial institutions,,,,,,,,,,,,,,,,,,,,,,,,,,,,,,,,,,,,,,,,,,,,,,,,1,"55,950","23,758","26,913","157,683","87,224",1,2,2.0,2,"81,198",1,1,"161,506","46,677","60,506","32,949",,,,,,,,,,,,,,,,,,,,,,,,,,,,,
Other trading assets,,,,,,,,,,,,,,,,,,,,,,,,,,,,,,,,,,,,,,,,,,,,,,,,,,,,,5,,,2.0,1,,"5,990","10,090",1,"4,900",,,,,,,,,,,,,,,,,,,,,,,,,,,,,,,
Loan and advances to bank and financial institutions,,,,,,,,,,,,,,,,,,,,,,,,,,,,,,,,,,,,,,,,,,,,,,,,8,8,7,1,6,2,2,1,6.0,2,3,,,,3,1,7,,,,,,,,,,,,,,,,,,,,,,,,,,,,,
Loans and advances to customers,,,,,,,,,,,,,,,,,,,,,,,,,,,,,,,,,,,,,,,,,,,,,,,,,,,,,,1,,,,1,,,,,,,,,,,,,,,,,,,,,,,,,,,,,,,,,,,
Other assets,,,,,,,,,,,,,,,,,,,,,,,,,,,,,,,,,,,,,,,,,,,,,"1,274,255",,,3,8,1,9,1,,2,9,1.0,3,1,2,6,6,1,2,6,,,,,,,,,,,,,,,,,,,,,,,,,,,,,
Increase/(Decrease) in operating liabilities,,,,,,,,,,,,,,,,,,,,,,,,,,,,,,,,,,,,,,,,,,,,,,,,1,2,1,8,1,2,2,7,1.0,2,5,1,1,2,6,5,6,,,,,,,,,,,,,,,,,,,,,,,,,,,,,
Due to bank and financial institutions,,,,,,,,,,,,,,,,,,,,,,,,,,,,,,,,,,,,,,,,,,,,,,,,,1,2,,,4,2,5,2.0,,9,5,5,9,9,,,,,,,,,,,,,,,,,,,,,,,,,,,,,,,
Due to Nepal Rastra Bank,,,,,,,,,,,,,,,,,,,,,,,,,,,,,,,,,,,,,,,,,,,,,,,,5,5,6,6,5,5,6,1,3.0,3,,1,1,3,6,1,,,,,,,,,,,,,,,,,,,,,,,,,,,,,,
Deposit from customers,,,,,,,,,,,,,,,,,,,,,,,,,,,,,,,,,,,,,,,,,,,,,,,,1,9,2,9,1,2,3,7,9.0,1,4,1,2,2,3,7,1,,,,,,,,,,,,,,,,,,,,,,,,,,,,,
Borrowings,,,,,,,,,,,,,,,,,,,,,,,,,,,,,,,,,,,,,,,,,,,,,"666,917",,,,,,,1,3,,,7.0,3,6,2,2,2,2,1,2,,,,,,,,,,,,,,,,,,,,,,,,,,,,,
Other liabilities,,,,,,,,,,,,,,,,,,"786,191",,,,"777,881",,,,,,,,"1,329,135",,,,,,,,,,,"1,270,363",,"1,666,491",,"1,390,054",,,,,,1,,1,,1,1.0,2,1,,,3,1,5,,,,,,,,,,,,,,,,,,,"631,667",,,"988,034",,,,,,,,
Net cash flow from operating activities before tax paid,,,,,,,,,,,,,,,,,,,,,,,,,,,,,,,,,,,,,,,,,,,,,,,,2,4,1,1,1,1,1,8,6.0,5,1,3,2,3,3,2,2,,,,,,,,,,,,,,,,,,,,,,,,,,,,,
Income taxes paid,,,,,,,,,,,,,,,,,,,,,,,,,,,,,,,,,,,,,,,,,,,,,,,,,,,,,,,,,,5,,,,5,,,,,,,,,,,,,,,,,,,,,,,,,,,,,,,
Net cash flow from operating activities,,,,,,,,,,,,,,,,,,,,,,,,,,,,,,,,,,,,,,,,,,,,,,,,2,4,1,1,1,1,1,8,6.0,5,1,3,2,3,3,2,2,,,,,,,,,,,,,,,,,,,,,,,,,,,,,
CASH FLOWS FROM INVESTING ACTIVITIES,,,,,,,,,,,,,,,,,,,,,,,,,,,,,,,,,,,,,,,,,,,,,,,,,,,,,,,,,,,,,,,,,,,,,,,,,,,,,,,,,,,,,,,,,,,,,
Purchase of investment securities,,,,,,,,,,,,,,,,,,,,,,,,,,,,,,,,,,,,,,,,,,,,,,,,1,5,1,1,1,2,2,,,,3,,,,3,3,,,,,,,,,,,,,,,,,,,,,,,,,,,,,,
Receipts from sale of investment securities,,,,,,,,,,,,,,,,,,,,,,,,,,,,,,,,,,,,,,,,,,,,,,,,,,,,,9,,,,1,,,,3,,,,,,,,,,,,,,,,,,,,,,,,,,,,,,,,
Purchase of property and equipment,,,,,,,,,,,,,,,,,,,,,,,,,,,,,,,,,,,,,,,,,,,,,,,,,,,,,,,,,,,,,,,,,,,,,,,,,,,,,,,,,,,,,,,,,,,,,
Receipt from the sale of property and equipment,,,,,,,,,,,,,,,,,,,,,,,,,,,,,,,,,,,,,,,,,,,,,,,,,,,,,5,,,,2,,,,2,,,,,,,,,,,,,,,,,,,,,,,,,,,,,,,,
Purchase of intangible assets,,,,,,,,,,,,,,,,,,,,,,,,,,,,,,,,,,,,,,,,,,,,,,,,,,,,,,,,,,1,8,4,9,7,2,2,,,,,,,,,,,,,,,,,,,,,,,,,,,,,
Receipt from the sale of intangible assets,,,,,,,,,,,,,,,,,,,,,,,,,,,,,,,,,,,,,,,,,,,,,,,,,,,,,,,,,,,,,,,,,,,,,,,,,,,,,,,,,,,,,,,,,,,,,
Purchase of investment properties,,,,,,,,,,,,,,,,,,,,,,,,,,,,,,,,,,,,,,,,,,,,,,,,,1,,,,1,3,3,3.0,3,3,8,8,3,,8,8,,,,,,,,,,,,,,,,,,,,,,,,,,,,,
Receipt from the sale of investment properties,,,,,,,,,,,,,,,,,,,,,,,,,,,,,,,,,,,,,,,,,,,,,,,,,,,,,,,,,,,,,,,,,,,,,,,,,,,,,,,,,,,,,,,,,,,,,
Interest received,,,,,,,,,,,,,,,,,,,,,,,,,,,,,,,,,,,,,,,,,,,,,,,,6,8,2,4,6,9,1,3,6.0,8,1,4,7,1,3,7,1,,,,,,,,,,,,,,,,,,,,,,,,,,,,,
Dividend received,,,,,,,,,,,,,,,,,,,,,,,,,,,,,,,,,,,,,,,,,,,,,,,,,,,,,,,,,,,,,,,,,,,,,,,,,,,,,,,,,,,,,,,,,,,,,
Net cash used in investing activities,,,,,,,,,,,,,,,,,,,,,,,,,,,,,,,,,,,,,,,,,,,,,,,,1,3,3,3,1,4,4,,,,7,3,,,4,8,,,,,,,,,,,,,,,,,,,,,,,,,,,,,,
CASH FLOWS FROM FINANCING ACTIVITIES,,,,,,,,,,,,,,,,,,,,,,,,,,,,,,,,,,,,,,,,,,,,,,,,,,,,,,,,,,,,,,,,,,,,,,,,,,,,,,,,,,,,,,,,,,,,,
Receipt from issue of debt securities,,,,,,,,,,,,,,,,,,,,,,,,,,,,,,,,,,,,,,,,,,,,,,,,,,,2,2,2,,2,2.0,2,,2,,,,2,,,,,,,,,,,,,,,,,,,,,,,,,,,,,,
Repayment of debt securities,,,,,,,,,,,,,,,,,,,,,,,,,,,,,,,,,,,,,,,,,,,,,,,,,,,,,,,,,,,,,,,,,,,,,,,,,,,,,,,,,,,,,,,,,,,,,
Receipt from issue of subordinated liabilities,,,,,,,,,,,,,,,,,,,,,,,,,,,,,,,,,,,,,,,,,,,,,,,,,,,,,,,,,,,,,,,,,,,,,,,,,,,,,,,,,,,,,,,,,,,,,
Repayment of subordinated liabilities,,,,,,,,,,,,,,,,,,,,,,,,,,,,,,,,,,,,,,,,,,,,,,,,,,,,,,,,,,,,,,,,,,,,,,,,,,,,,,,,,,,,,,,,,,,,,
Receipt from issue of shares,,,,,,,,,,,,,,,,,,,,,,,,,,,,,,,,,,,,,,,,,,,,,,,,,,,,,,,,,,,,,,,,,,,,,,,,,,,,,,,,,,,,,,,,,,,,,
Dividends paid,,,,,,,,,,,,,,,,,,,,,,,,,,,,,,,,,,,,,,,,,,,,,,,,3,3,,,3,,,,,,,,,,,,,,,,,,,,,,,,,,,,,,,,,,,,,,,,,
Interest paid,,,,,,,,,,,,,,,,,,,,,,,,,,,,,,,,,,,,,,,,,,,,,,,,,,,,,,,,,,,,,,,,,,,,,,,,,,,,,,,,,,,,,,,,,,,,,
Other receipt/payment,,,,,,,,,,,,,,,,,,,,,,,,,,,,,,,,,,,,,,,,,,,,,,,,,,,,,,,,,,,,,,,,,,,,,,,,,,,,,,,,,,,,,,,,,,,,,
Net cash from financing activities,,,,,,,,,,,,,,,,,,,,,,,,,,,,,,,,,,,,,,,,,,,,,,,,3,3,,1,1,1,,1,1.0,1,,2,,,,2,,,,,,,,,,,,,,,,,,,,,,,,,,,,,,
Net increase in cash and cash equivalents,,,,,,,,,,,,,,,,,,,,,,,,,,,,,,,,,,,,,,,,,,,,,,,,,,,,,,,,,,,,,,,,,,,,,,,,,,,,,,,,,,,,,,,,,,,,,
Cash and cash equivalents at #,,,,,,,,,,,,,,,,,,,,,,,,,,,,,,,,,,,,,,,,,,,,,,,,,,,,,,,,,,,,,,,,,,,,,,,,,,,,,,,,,,,,,,,,,,,,,
Effect of exchange rate fluctuations on cash and cash equivalents held,,,,,,,,,,,,,,,,,,,,,,,,,,,,,,,,,,,,,,,,,,,,,,,,,,,,,,,,,,,,,,,,,,,,,,,,,,,,,,,,,,,,,,,,,,,,,
Cash and cash equivalents at #,,,,,,,,,,,,,,,,,,,,,,,,,,,,,,,,,,,,,,,,,,,,,,,,,,,,,,,,,,,,,,,,,,,,,,,,,,,,,,,,,,,,,,,,,,,,,
